{"eval/gleu":0.00980392156862745,"eval/bertscore_f1":0.4422174294789632,"eval/runtime":52.1499,"train_loss":21.77441864013672,"train/global_step":5,"eval/correction_accuracy":0,"train/epoch":5,"train_steps_per_second":0.01,"train_samples_per_second":0.117,"eval/bleu":1.0118445607564956,"_wandb":{"runtime":637},"_step":6,"eval/chrf":0.17998560115190784,"eval/model_preparation_time":0.0019,"train_runtime":514.3322,"eval/samples_per_second":0.058,"eval/steps_per_second":0.019,"_timestamp":1.7634021391387799e+09,"eval/loss":14.305315971374512,"total_flos":3.7559918592e+12,"_runtime":637}