{"eval/samples_per_second":0.192,"train/global_step":2,"eval/runtime":15.6512,"eval/bleu":0.8508564639341064,"eval/model_preparation_time":0.002,"eval/chrf":0.08999280057595392,"_wandb":{"runtime":175},"eval/loss":15.735795974731445,"eval/steps_per_second":0.064,"_runtime":175,"eval/correction_accuracy":0,"eval/bertscore_f1":0.4488728940486908,"train/epoch":2,"eval/gleu":0.00980392156862745,"_timestamp":1.7634027077077746e+09,"_step":2}